interval_class,timestamp_before,timestamp_after,interval_minutes,close_before,close_after,close_change,absolute_close_change,before_open,before_high,before_low,before_close,after_open,after_high,after_low,after_close
exact_15_minute,2015-12-03T13:15:00Z,2015-12-03T13:30:00Z,15.0,1.06666,1.08897,0.022310000000000052,0.022310000000000052,1.06707,1.06891,1.06545,1.06666,1.06666,1.08898,1.06462,1.08897
exact_15_minute,2022-11-10T13:15:00Z,2022-11-10T13:30:00Z,15.0,0.99573,1.01194,0.016210000000000058,0.016210000000000058,0.99541,0.99653,0.99483,0.99573,0.99573,1.01202,0.99533,1.01194
exact_15_minute,2016-03-10T13:45:00Z,2016-03-10T14:00:00Z,15.0,1.09208,1.10648,0.014399999999999968,0.014399999999999968,1.08494,1.09708,1.08445,1.09208,1.09204,1.11154,1.09104,1.10648
exact_15_minute,2015-10-02T12:15:00Z,2015-10-02T12:30:00Z,15.0,1.11558,1.12945,0.013870000000000049,0.013870000000000049,1.1159,1.11617,1.11554,1.11558,1.12227,1.13113,1.12147,1.12945
exact_15_minute,2025-08-01T12:15:00Z,2025-08-01T12:30:00Z,15.0,1.13945,1.15291,0.013460000000000027,0.013460000000000027,1.14058,1.14067,1.13915,1.13945,1.1394,1.15329,1.1394,1.15291
exact_15_minute,2011-09-15T12:45:00Z,2011-09-15T13:00:00Z,15.0,1.3771,1.3903,0.0132000000000001,0.0132000000000001,1.3793,1.3798,1.377,1.3771,1.3772,1.3913,1.3772,1.3903
exact_15_minute,2013-11-07T12:30:00Z,2013-11-07T12:45:00Z,15.0,1.35007,1.33706,-0.013010000000000188,0.013010000000000188,1.35062,1.35152,1.34988,1.35007,1.34999,1.34999,1.33532,1.33706
exact_15_minute,2016-03-10T12:30:00Z,2016-03-10T12:45:00Z,15.0,1.09695,1.08455,-0.012400000000000189,0.012400000000000189,1.09805,1.09897,1.09594,1.09695,1.09725,1.09763,1.08436,1.08455
exact_15_minute,2015-06-05T12:15:00Z,2015-06-05T12:30:00Z,15.0,1.122,1.1101,-0.011900000000000022,0.011900000000000022,1.1218,1.12248,1.1215,1.122,1.11431,1.11521,1.10751,1.1101
exact_15_minute,2011-11-30T12:45:00Z,2011-11-30T13:00:00Z,15.0,1.3298,1.3417,0.0118999999999998,0.0118999999999998,1.3313,1.3314,1.3292,1.3298,1.3299,1.35,1.3298,1.3417
exact_15_minute,2022-09-13T12:15:00Z,2022-09-13T12:30:00Z,15.0,1.01668,1.00507,-0.01161000000000012,0.01161000000000012,1.01748,1.01759,1.01626,1.01668,1.01666,1.01669,1.00434,1.00507
exact_15_minute,2015-08-24T12:45:00Z,2015-08-24T13:00:00Z,15.0,1.15484,1.16644,0.011599999999999833,0.011599999999999833,1.15429,1.15713,1.15428,1.15484,1.15481,1.1714,1.15478,1.16644
exact_15_minute,2015-11-06T13:15:00Z,2015-11-06T13:30:00Z,15.0,1.0853,1.07383,-0.01146999999999987,0.01146999999999987,1.08641,1.08683,1.0853,1.0853,1.08043,1.08043,1.07063,1.07383
exact_15_minute,2011-09-06T07:45:00Z,2011-09-06T08:00:00Z,15.0,1.4111,1.4222,0.011099999999999888,0.011099999999999888,1.4093,1.4114,1.4089,1.4111,1.411,1.4248,1.4107,1.4222
exact_15_minute,2015-10-28T17:45:00Z,2015-10-28T18:00:00Z,15.0,1.10613,1.0953,-0.010830000000000117,0.010830000000000117,1.10727,1.10822,1.10588,1.10613,1.10563,1.10563,1.09301,1.0953
exact_15_minute,2013-07-10T22:30:00Z,2013-07-10T22:45:00Z,15.0,1.30689,1.31752,0.010629999999999917,0.010629999999999917,1.30414,1.308,1.30404,1.30689,1.30688,1.32053,1.30674,1.31752
exact_15_minute,2011-05-05T12:15:00Z,2011-05-05T12:30:00Z,15.0,1.482,1.4714,-0.010599999999999943,0.010599999999999943,1.4814,1.4827,1.4806,1.482,1.4821,1.4821,1.4709,1.4714
exact_15_minute,2013-05-03T12:15:00Z,2013-05-03T12:30:00Z,15.0,1.31446,1.30396,-0.010499999999999954,0.010499999999999954,1.31131,1.31484,1.31083,1.31446,1.31436,1.31439,1.30323,1.30396
exact_15_minute,2024-11-22T08:45:00Z,2024-11-22T09:00:00Z,15.0,1.04434,1.03398,-0.010360000000000147,0.010360000000000147,1.04724,1.04741,1.0441,1.04434,1.04437,1.04441,1.03325,1.03398
exact_15_minute,2016-06-24T02:15:00Z,2016-06-24T02:30:00Z,15.0,1.11564,1.10547,-0.010170000000000012,0.010170000000000012,1.12065,1.12221,1.113,1.11564,1.11563,1.1206,1.10512,1.10547
exact_15_minute,2016-06-03T12:15:00Z,2016-06-03T12:30:00Z,15.0,1.11573,1.12584,0.010109999999999841,0.010109999999999841,1.11542,1.11605,1.11529,1.11573,1.11552,1.12707,1.11552,1.12584
exact_15_minute,2022-09-26T00:30:00Z,2022-09-26T00:45:00Z,15.0,0.96685,0.95688,-0.009970000000000034,0.009970000000000034,0.96811,0.96852,0.96657,0.96685,0.96689,0.96708,0.95503,0.95688
exact_15_minute,2015-03-06T13:15:00Z,2015-03-06T13:30:00Z,15.0,1.09781,1.08806,-0.009749999999999925,0.009749999999999925,1.09631,1.09863,1.09597,1.09781,1.09816,1.09881,1.08708,1.08806
exact_15_minute,2015-04-03T12:15:00Z,2015-04-03T12:30:00Z,15.0,1.08858,1.09816,0.009579999999999922,0.009579999999999922,1.09136,1.09191,1.08822,1.08858,1.08858,1.10029,1.08858,1.09816
exact_15_minute,2022-08-10T12:15:00Z,2022-08-10T12:30:00Z,15.0,1.02437,1.03373,0.009360000000000035,0.009360000000000035,1.02515,1.02572,1.02437,1.02437,1.02435,1.03462,1.02401,1.03373
longer_than_15_minute_gap,2017-04-21T20:45:00Z,2017-04-23T21:00:00Z,2895.0,1.07238,1.09023,0.01784999999999992,0.01784999999999992,1.07231,1.07307,1.07142,1.07238,1.09169,1.09181,1.08819,1.09023
longer_than_15_minute_gap,2015-06-26T20:45:00Z,2015-06-28T21:00:00Z,2895.0,1.11661,1.09909,-0.017520000000000202,0.017520000000000202,1.11629,1.11731,1.11587,1.11661,1.10036,1.10086,1.09909,1.09909
longer_than_15_minute_gap,2010-05-07T21:00:00Z,2010-05-09T21:00:00Z,2880.0,1.2751,1.2908,0.015700000000000047,0.015700000000000047,1.2751,1.2751,1.2751,1.2751,1.2918,1.292,1.2868,1.2908
longer_than_15_minute_gap,2013-03-15T20:45:00Z,2013-03-17T21:00:00Z,2895.0,1.30752,1.29299,-0.014529999999999932,0.014529999999999932,1.30714,1.30761,1.30688,1.30752,1.29074,1.29304,1.29037,1.29299
longer_than_15_minute_gap,2010-04-09T20:45:00Z,2010-04-11T21:00:00Z,2895.0,1.3497,1.3632,0.013500000000000068,0.013500000000000068,1.3495,1.3498,1.3492,1.3497,1.366,1.3672,1.363,1.3632
longer_than_15_minute_gap,2022-02-25T21:45:00Z,2022-02-27T22:00:00Z,2895.0,1.12719,1.11491,-0.012279999999999847,0.012279999999999847,1.12728,1.12738,1.12691,1.12719,1.11237,1.11544,1.11225,1.11491
longer_than_15_minute_gap,2011-08-05T20:45:00Z,2011-08-07T21:00:00Z,2895.0,1.4281,1.4402,0.0121,0.0121,1.4288,1.4293,1.4273,1.4281,1.4423,1.4431,1.4396,1.4402
longer_than_15_minute_gap,2012-06-08T20:45:00Z,2012-06-10T21:00:00Z,2895.0,1.25158,1.26336,0.011780000000000124,0.011780000000000124,1.25119,1.25183,1.25088,1.25158,1.264,1.26405,1.26317,1.26336
longer_than_15_minute_gap,2015-07-03T20:45:00Z,2015-07-05T21:00:00Z,2895.0,1.11128,1.09958,-0.011700000000000044,0.011700000000000044,1.10981,1.11155,1.10855,1.11128,1.09905,1.09965,1.0978,1.09958
longer_than_15_minute_gap,2025-01-31T21:45:00Z,2025-02-02T22:00:00Z,2895.0,1.03602,1.02543,-0.010589999999999877,0.010589999999999877,1.03596,1.03631,1.03563,1.03602,1.02327,1.02567,1.02324,1.02543
longer_than_15_minute_gap,2023-07-27T11:45:00Z,2023-07-27T13:00:00Z,75.0,1.11385,1.10368,-0.010170000000000012,0.010170000000000012,1.11393,1.11406,1.11339,1.11385,1.10591,1.10652,1.10337,1.10368
longer_than_15_minute_gap,2011-09-16T20:45:00Z,2011-09-18T21:00:00Z,2895.0,1.3795,1.3705,-0.008999999999999897,0.008999999999999897,1.3783,1.38,1.3783,1.3795,1.3692,1.3714,1.3691,1.3705
longer_than_15_minute_gap,2016-06-24T20:45:00Z,2016-06-26T21:00:00Z,2895.0,1.11162,1.10289,-0.008730000000000127,0.008730000000000127,1.10864,1.11169,1.10861,1.11162,1.1007,1.10332,1.10047,1.10289
longer_than_15_minute_gap,2023-03-22T16:45:00Z,2023-03-22T18:00:00Z,75.0,1.0794,1.08754,0.008140000000000036,0.008140000000000036,1.07923,1.07971,1.07911,1.0794,1.08805,1.08816,1.08524,1.08754
longer_than_15_minute_gap,2023-03-15T09:45:00Z,2023-03-15T12:00:00Z,135.0,1.06269,1.0548,-0.007889999999999953,0.007889999999999953,1.06371,1.06415,1.06196,1.06269,1.05562,1.05583,1.05399,1.0548
longer_than_15_minute_gap,2023-04-04T12:45:00Z,2023-04-04T15:00:00Z,135.0,1.08911,1.09667,0.007560000000000011,0.007560000000000011,1.09019,1.09025,1.08867,1.08911,1.09693,1.09701,1.09598,1.09667
longer_than_15_minute_gap,2025-04-04T20:45:00Z,2025-04-06T21:00:00Z,2895.0,1.09573,1.08826,-0.007470000000000088,0.007470000000000088,1.09431,1.0966,1.09429,1.09573,1.08894,1.08947,1.08792,1.08826
longer_than_15_minute_gap,2016-12-02T21:45:00Z,2016-12-04T22:00:00Z,2895.0,1.06602,1.05866,-0.007360000000000033,0.007360000000000033,1.06677,1.06737,1.06602,1.06602,1.06633,1.06633,1.05798,1.05866
longer_than_15_minute_gap,2013-09-13T20:45:00Z,2013-09-15T21:00:00Z,2895.0,1.32928,1.33658,0.007300000000000084,0.007300000000000084,1.3296,1.33009,1.32919,1.32928,1.33596,1.33741,1.33578,1.33658
longer_than_15_minute_gap,2023-03-07T14:45:00Z,2023-03-07T17:00:00Z,135.0,1.06477,1.0576,-0.007169999999999899,0.007169999999999899,1.06445,1.06507,1.06401,1.06477,1.05725,1.05769,1.05703,1.0576
longer_than_15_minute_gap,2010-06-18T21:00:00Z,2010-06-20T21:00:00Z,2880.0,1.2386,1.2456,0.007000000000000117,0.007000000000000117,1.2386,1.2386,1.2386,1.2386,1.2451,1.2463,1.2445,1.2456
longer_than_15_minute_gap,2012-05-04T20:45:00Z,2012-05-06T21:00:00Z,2895.0,1.30835,1.30167,-0.006679999999999797,0.006679999999999797,1.30846,1.30846,1.30806,1.30835,1.3013,1.30284,1.3013,1.30167
longer_than_15_minute_gap,2015-01-02T21:45:00Z,2015-01-04T22:00:00Z,2895.0,1.20009,1.19351,-0.00658000000000003,0.00658000000000003,1.20006,1.2003,1.20002,1.20009,1.19427,1.19491,1.18664,1.19351
longer_than_15_minute_gap,2015-01-23T21:45:00Z,2015-01-25T22:00:00Z,2895.0,1.12024,1.11381,-0.006429999999999936,0.006429999999999936,1.12081,1.121,1.12016,1.12024,1.11511,1.11569,1.11379,1.11381
longer_than_15_minute_gap,2020-03-06T21:45:00Z,2020-03-08T20:00:00Z,2775.0,1.12804,1.1344,0.006360000000000143,0.006360000000000143,1.12933,1.12952,1.12804,1.12804,1.13473,1.13479,1.13407,1.1344
